feature,standardized_coefficient,odds_ratio_per_standard_deviation
PAY_0,0.6889717582550928,1.9916665653020453
PAY_3,0.10468711207628469,1.1103631367819597
BILL_AMT3,0.1016786654896911,1.1070276883681187
PAY_2,0.08280344448554701,1.0863282637514753
BILL_AMT4,0.07105319472706813,1.073638336247625
BILL_AMT5,0.05831785343395604,1.0600518832982908
PAY_4,0.030463904285503437,1.0309326771255927
PAY_5,0.017678617604500096,1.0178358093091184
BILL_AMT2,0.01208103697129985,1.0121543074623285
BILL_AMT6,0.006905685164414021,1.006929584390045
PAY_AMT3,-0.0049816884771909835,0.9950306995532111
PAY_6,-0.007286042680922839,0.9927404361803195
PAY_AMT6,-0.042573654157461324,0.9583198786782291
PAY_AMT4,-0.05679558711776135,0.944787176298888
PAY_AMT5,-0.07550318577805354,0.9272767764312894
LIMIT_BAL,-0.10493211462296317,0.9003856435305225
PAY_AMT1,-0.18385428080067612,0.8320570416790211
PAY_AMT2,-0.22255740835497517,0.8004690518196694
BILL_AMT1,-0.33955730969179104,0.7120854863409513
