model,threshold_type,threshold,accuracy,precision,recall,f1,roc_auc,pr_auc,brier,log_loss,tn,fp,fn,tp,illustrative_cost,cost_per_1000
dummy,default_0.50,0.5,0.778833333333,0.0,0.0,0.0,0.5,0.221166666667,0.172251975309,0.528380620235,4673,0,1327,0,6635.0,1105.833333333333
dummy,validation_cost,0.05,0.221166666667,0.221166666667,1.0,0.36222191893,0.5,0.221166666667,0.172251975309,0.528380620235,0,4673,0,1327,4673.0,778.833333333333
logistic_regression,default_0.50,0.5,0.8105,0.697916666667,0.252449133384,0.370780298838,0.707962624521,0.493358440479,0.146829125594,0.471838212012,4528,145,992,335,5105.0,850.833333333333
logistic_regression,validation_cost,0.23,0.7115,0.398288016113,0.596081386586,0.477512828252,0.707962624521,0.493358440479,0.146829125594,0.471838212012,3478,1195,536,791,3875.0,645.833333333333
decision_tree,default_0.50,0.5,0.811833333333,0.636363636364,0.348153730219,0.450073063809,0.745709894307,0.502424283622,0.14145236488,0.506240801331,4409,264,865,462,4589.0,764.833333333333
decision_tree,validation_cost,0.14,0.644666666667,0.352833638026,0.727204220045,0.47513540128,0.745709894307,0.502424283622,0.14145236488,0.506240801331,2903,1770,362,965,3580.0,596.666666666667
random_forest,default_0.50,0.5,0.817833333333,0.665722379603,0.35418236624,0.462370880472,0.776098273992,0.552230402568,0.13548345735,0.431485569723,4437,236,857,470,4521.0,753.5
random_forest,validation_cost,0.14,0.608166666667,0.338383838384,0.807837226827,0.476974416018,0.776098273992,0.552230402568,0.13548345735,0.431485569723,2577,2096,255,1072,3371.0,561.833333333333
gradient_boosting,default_0.50,0.5,0.819,0.671408250356,0.355689525245,0.465024630542,0.775912580262,0.552632113508,0.135589974536,0.43156728674,4442,231,855,472,4506.0,751.0
gradient_boosting,validation_cost,0.15,0.632666666667,0.350187905706,0.772418990203,0.481899388811,0.775912580262,0.552632113508,0.135589974536,0.43156728674,2771,1902,302,1025,3412.0,568.666666666667
