feature,importance_mean,importance_std
PAY_0,0.07420470477714945,0.0035258269662669026
LIMIT_BAL,0.015941151824533897,0.0024406228134504753
PAY_2,0.015683005173046487,0.0028795772469764063
BILL_AMT1,0.007990290248709817,0.0012141582168013873
PAY_3,0.007817013729218216,0.0022989026960988654
PAY_AMT1,0.005720866605139644,0.0024285032877877488
PAY_5,0.005458008785901651,0.003091900834470984
PAY_4,0.00544879378785647,0.00274337586256904
PAY_6,0.004033704131800074,0.002576253333039474
PAY_AMT2,0.0027835514220043395,0.00047522562386638934
BILL_AMT3,0.0025160745849961736,0.0010093870216970355
BILL_AMT2,0.002234521838474105,0.0011662745798471225
PAY_AMT3,0.0017658124816549556,0.0006397186900101919
PAY_AMT4,0.0016812648745906853,0.0005120369339679156
BILL_AMT5,0.0008460635267682085,0.0006547096818483132
PAY_AMT6,0.0005296896063829358,0.0006399910286073979
BILL_AMT6,0.0003147267394847069,0.0003347140200520755
BILL_AMT4,0.00023437195653089722,0.0009472339528137589
PAY_AMT5,-0.0008157692206947857,0.0003699722068731186
