feature,mean_absolute_shap
PAY_0,0.06183648200971425
PAY_2,0.03122624495525958
PAY_3,0.019720993116715643
LIMIT_BAL,0.018297732839200078
PAY_4,0.013699365396303044
PAY_5,0.011657382236356095
PAY_AMT1,0.01157023372599589
PAY_6,0.009831071129403991
PAY_AMT2,0.009767774258071491
BILL_AMT1,0.008428806983891528
PAY_AMT3,0.008164400732966435
PAY_AMT6,0.006339648686243086
PAY_AMT4,0.005256706866764474
PAY_AMT5,0.0046105586117665635
BILL_AMT2,0.003379143842769971
BILL_AMT6,0.003168047444203479
BILL_AMT4,0.0027185533608079836
BILL_AMT5,0.002697699326212519
BILL_AMT3,0.002578925909070988
