audit_field,group,n,observed_default_rate,mean_predicted_probability,recall,false_positive_rate,precision
sex_group,female,3598,0.212896053363,0.216815067042,0.808093994778,0.438559322034,0.332616872649
sex_group,male,2402,0.233555370525,0.226407259871,0.807486631016,0.463878326996,0.346595256312
education_group,graduate_school,2130,0.19014084507,0.19586186826,0.807407407407,0.388985507246,0.327655310621
education_group,high_school,1014,0.257396449704,0.241187907743,0.781609195402,0.528552456839,0.338870431894
education_group,other,26,0.038461538462,0.161183166554,1.0,0.44,0.083333333333
education_group,other_or_unknown,56,0.071428571429,0.150170794856,0.5,0.307692307692,0.111111111111
education_group,university,2774,0.236481614996,0.234167341291,0.82012195122,0.472143531634,0.349804941482
marriage_group,married,2767,0.241416696784,0.220335265042,0.803892215569,0.423058599333,0.376842105263
marriage_group,other,68,0.176470588235,0.21398762111,0.75,0.535714285714,0.230769230769
marriage_group,other_or_unknown,7,0.0,0.221895264407,,0.714285714286,0.0
marriage_group,single,3158,0.204876504117,0.221076233683,0.812982998454,0.467144563919,0.309593878752
age_group,21-29,1912,0.223326359833,0.235744637545,0.84074941452,0.494949494949,0.328153564899
age_group,30-39,2198,0.206096451319,0.207296700216,0.810154525386,0.404584527221,0.342031686859
age_group,40-49,1341,0.232662192394,0.215809171974,0.766025641026,0.43537414966,0.34788937409
age_group,50-59,473,0.236786469345,0.232138281822,0.794642857143,0.493074792244,0.333333333333
age_group,60+,76,0.302631578947,0.241413795359,0.782608695652,0.547169811321,0.382978723404
