threshold,accuracy,precision,recall,f1,roc_auc,pr_auc,brier,log_loss,tn,fp,fn,tp,illustrative_cost,cost_per_1000
0.05,0.242333333333,0.22566899608,0.997739261492,0.368084514874,0.783509735657,0.550403113136,0.134604978435,0.428705691521,130,4543,3,1324,4558.0,759.666666666667
0.06,0.268333333333,0.230890880337,0.990203466466,0.374465659732,0.783509735657,0.550403113136,0.134604978435,0.428705691521,296,4377,13,1314,4442.0,740.333333333333
0.07,0.306,0.238717995948,0.976639035418,0.383658969805,0.783509735657,0.550403113136,0.134604978435,0.428705691521,540,4133,31,1296,4288.0,714.666666666667
0.08,0.348666666667,0.248978797899,0.964581763376,0.395794681509,0.783509735657,0.550403113136,0.134604978435,0.428705691521,812,3861,47,1280,4096.0,682.666666666667
0.09,0.4045,0.263777871266,0.944988696307,0.412432165762,0.783509735657,0.550403113136,0.134604978435,0.428705691521,1173,3500,73,1254,3865.0,644.166666666667
0.1,0.450833333333,0.277677361048,0.926149208742,0.427255345037,0.783509735657,0.550403113136,0.134604978435,0.428705691521,1476,3197,98,1229,3687.0,614.5
0.11,0.492,0.290785314855,0.901281085154,0.439705882353,0.783509735657,0.550403113136,0.134604978435,0.428705691521,1756,2917,131,1196,3572.0,595.333333333333
0.12,0.534,0.306047002905,0.873398643557,0.453265545561,0.783509735657,0.550403113136,0.134604978435,0.428705691521,2045,2628,168,1159,3468.0,578.0
0.13,0.5745,0.324957167333,0.857573474002,0.471319113688,0.783509735657,0.550403113136,0.134604978435,0.428705691521,2309,2364,189,1138,3309.0,551.5
0.14,0.619,0.34714695569,0.820648078372,0.487903225806,0.783509735657,0.550403113136,0.134604978435,0.428705691521,2625,2048,238,1089,3238.0,539.666666666667
0.15,0.654833333333,0.366379310345,0.76865109269,0.496229627828,0.783509735657,0.550403113136,0.134604978435,0.428705691521,2909,1764,307,1020,3299.0,549.833333333333
0.16,0.685166666667,0.388932806324,0.741522230595,0.510241120041,0.783509735657,0.550403113136,0.134604978435,0.428705691521,3127,1546,343,984,3261.0,543.5
0.17,0.705,0.405139186296,0.712886209495,0.516657564173,0.783509735657,0.550403113136,0.134604978435,0.428705691521,3284,1389,381,946,3294.0,549.0
0.18,0.720666666667,0.420210333791,0.692539562924,0.523050654525,0.783509735657,0.550403113136,0.134604978435,0.428705691521,3405,1268,408,919,3308.0,551.333333333333
0.19,0.734666666667,0.435397367138,0.672946495855,0.528715216104,0.783509735657,0.550403113136,0.134604978435,0.428705691521,3515,1158,434,893,3328.0,554.666666666667
0.2,0.745666666667,0.448895737031,0.658628485305,0.533903481979,0.783509735657,0.550403113136,0.134604978435,0.428705691521,3600,1073,453,874,3338.0,556.333333333333
0.21,0.754333333333,0.460632029995,0.648078372268,0.538509705698,0.783509735657,0.550403113136,0.134604978435,0.428705691521,3666,1007,467,860,3342.0,557.0
0.22,0.762,0.471517202482,0.629992464205,0.53935483871,0.783509735657,0.550403113136,0.134604978435,0.428705691521,3736,937,491,836,3392.0,565.333333333333
0.23,0.768833333333,0.482311320755,0.616428033157,0.541184254052,0.783509735657,0.550403113136,0.134604978435,0.428705691521,3795,878,509,818,3423.0,570.5
0.24,0.775166666667,0.493201483313,0.601356443105,0.541935483871,0.783509735657,0.550403113136,0.134604978435,0.428705691521,3853,820,529,798,3465.0,577.5
0.25,0.7815,0.50518134715,0.587792012057,0.543364681296,0.783509735657,0.550403113136,0.134604978435,0.428705691521,3909,764,547,780,3499.0,583.166666666667
0.26,0.785333333333,0.513166779203,0.572720422005,0.541310541311,0.783509735657,0.550403113136,0.134604978435,0.428705691521,3952,721,567,760,3556.0,592.666666666667
0.27,0.788,0.519110493398,0.56292388847,0.540130151844,0.783509735657,0.550403113136,0.134604978435,0.428705691521,3981,692,580,747,3592.0,598.666666666667
0.28,0.7925,0.529538904899,0.553880934439,0.541436464088,0.783509735657,0.550403113136,0.134604978435,0.428705691521,4020,653,592,735,3613.0,602.166666666667
0.29,0.797,0.54070201643,0.54559155991,0.543135783946,0.783509735657,0.550403113136,0.134604978435,0.428705691521,4058,615,603,724,3630.0,605.0
0.3,0.800666666667,0.550423402617,0.538809344386,0.544554455446,0.783509735657,0.550403113136,0.134604978435,0.428705691521,4089,584,612,715,3644.0,607.333333333333
0.31,0.8025,0.556349206349,0.528259231349,0.541940471589,0.783509735657,0.550403113136,0.134604978435,0.428705691521,4114,559,626,701,3689.0,614.833333333333
0.32,0.805833333333,0.566721581549,0.518462697815,0.541519086974,0.783509735657,0.550403113136,0.134604978435,0.428705691521,4147,526,639,688,3721.0,620.166666666667
0.33,0.806666666667,0.570227081581,0.510926902788,0.538950715421,0.783509735657,0.550403113136,0.134604978435,0.428705691521,4162,511,649,678,3756.0,626.0
0.34,0.807166666667,0.573149741824,0.501883948757,0.535154680595,0.783509735657,0.550403113136,0.134604978435,0.428705691521,4177,496,661,666,3801.0,633.5
0.35,0.812833333333,0.595149253731,0.480783722683,0.531888286786,0.783509735657,0.550403113136,0.134604978435,0.428705691521,4239,434,689,638,3879.0,646.5
0.36,0.8105,0.592954990215,0.456669178598,0.515964240102,0.783509735657,0.550403113136,0.134604978435,0.428705691521,4257,416,721,606,4021.0,670.166666666667
0.37,0.811666666667,0.599194360524,0.448379804069,0.512931034483,0.783509735657,0.550403113136,0.134604978435,0.428705691521,4275,398,732,595,4058.0,676.333333333333
0.38,0.812166666667,0.602880658436,0.441597588546,0.509786863854,0.783509735657,0.550403113136,0.134604978435,0.428705691521,4287,386,741,586,4091.0,681.833333333333
0.39,0.8155,0.618025751073,0.434061793519,0.509960159363,0.783509735657,0.550403113136,0.134604978435,0.428705691521,4317,356,751,576,4111.0,685.166666666667
0.4,0.815333333333,0.621802002225,0.421250941974,0.502246181491,0.783509735657,0.550403113136,0.134604978435,0.428705691521,4333,340,768,559,4180.0,696.666666666667
0.41,0.815833333333,0.627293577982,0.412207987943,0.49749886312,0.783509735657,0.550403113136,0.134604978435,0.428705691521,4348,325,780,547,4225.0,704.166666666667
0.42,0.817166666667,0.634660421546,0.40844009043,0.497019715727,0.783509735657,0.550403113136,0.134604978435,0.428705691521,4361,312,785,542,4237.0,706.166666666667
0.43,0.8175,0.638755980861,0.402411454408,0.493758668516,0.783509735657,0.550403113136,0.134604978435,0.428705691521,4371,302,793,534,4267.0,711.166666666667
0.44,0.819833333333,0.652985074627,0.395629238885,0.492726419521,0.783509735657,0.550403113136,0.134604978435,0.428705691521,4394,279,802,525,4289.0,714.833333333333
0.45,0.821,0.662805662806,0.388093443858,0.489543726236,0.783509735657,0.550403113136,0.134604978435,0.428705691521,4411,262,812,515,4322.0,720.333333333333
0.46,0.82,0.662714097497,0.379050489827,0.482262703739,0.783509735657,0.550403113136,0.134604978435,0.428705691521,4417,256,824,503,4376.0,729.333333333333
0.47,0.821,0.671177266576,0.373775433308,0.480154888674,0.783509735657,0.550403113136,0.134604978435,0.428705691521,4430,243,831,496,4398.0,733.0
0.48,0.819833333333,0.669889502762,0.365486058779,0.472940029254,0.783509735657,0.550403113136,0.134604978435,0.428705691521,4434,239,842,485,4449.0,741.5
0.49,0.8195,0.673789173789,0.356443104748,0.466239526861,0.783509735657,0.550403113136,0.134604978435,0.428705691521,4444,229,854,473,4499.0,749.833333333333
0.5,0.8185,0.675516224189,0.345139412208,0.456857855362,0.783509735657,0.550403113136,0.134604978435,0.428705691521,4453,220,869,458,4565.0,760.833333333333
0.51,0.818166666667,0.678247734139,0.338357196684,0.451483157366,0.783509735657,0.550403113136,0.134604978435,0.428705691521,4460,213,878,449,4603.0,767.166666666667
0.52,0.818,0.682170542636,0.331574981161,0.446247464503,0.783509735657,0.550403113136,0.134604978435,0.428705691521,4468,205,887,440,4640.0,773.333333333333
0.53,0.8185,0.68949044586,0.326299924642,0.442966751918,0.783509735657,0.550403113136,0.134604978435,0.428705691521,4478,195,894,433,4665.0,777.5
0.54,0.8175,0.692052980132,0.314996232102,0.432936302434,0.783509735657,0.550403113136,0.134604978435,0.428705691521,4487,186,909,418,4731.0,788.5
0.55,0.817,0.695726495726,0.306706857573,0.425732217573,0.783509735657,0.550403113136,0.134604978435,0.428705691521,4495,178,920,407,4778.0,796.333333333333
0.56,0.817833333333,0.705985915493,0.302185380558,0.423218997361,0.783509735657,0.550403113136,0.134604978435,0.428705691521,4506,167,926,401,4797.0,799.5
0.57,0.8165,0.707720588235,0.290128108515,0.411544628541,0.783509735657,0.550403113136,0.134604978435,0.428705691521,4514,159,942,385,4869.0,811.5
0.58,0.816,0.714011516315,0.280331574981,0.402597402597,0.783509735657,0.550403113136,0.134604978435,0.428705691521,4524,149,955,372,4924.0,820.666666666667
0.59,0.815833333333,0.722891566265,0.27128862095,0.394520547945,0.783509735657,0.550403113136,0.134604978435,0.428705691521,4535,138,967,360,4973.0,828.833333333333
0.6,0.8145,0.722916666667,0.261492087415,0.384061981184,0.783509735657,0.550403113136,0.134604978435,0.428705691521,4540,133,980,347,5033.0,838.833333333333
0.61,0.813166666667,0.729910714286,0.246420497362,0.368450704225,0.783509735657,0.550403113136,0.134604978435,0.428705691521,4552,121,1000,327,5121.0,853.5
0.62,0.810666666667,0.730120481928,0.228334589299,0.347876004592,0.783509735657,0.550403113136,0.134604978435,0.428705691521,4561,112,1024,303,5232.0,872.0
0.63,0.81,0.734335839599,0.220798794273,0.339513325608,0.783509735657,0.550403113136,0.134604978435,0.428705691521,4567,106,1034,293,5276.0,879.333333333333
0.64,0.8105,0.75,0.214770158252,0.333919156415,0.783509735657,0.550403113136,0.134604978435,0.428705691521,4578,95,1042,285,5305.0,884.166666666667
0.65,0.808833333333,0.755681818182,0.200452147702,0.316855270995,0.783509735657,0.550403113136,0.134604978435,0.428705691521,4587,86,1061,266,5391.0,898.5
0.66,0.807333333333,0.7583081571,0.189148455162,0.302774427021,0.783509735657,0.550403113136,0.134604978435,0.428705691521,4593,80,1076,251,5460.0,910.0
0.67,0.805333333333,0.760655737705,0.174830444612,0.28431372549,0.783509735657,0.550403113136,0.134604978435,0.428705691521,4600,73,1095,232,5548.0,924.666666666667
0.68,0.802666666667,0.756272401434,0.159005275057,0.262764632628,0.783509735657,0.550403113136,0.134604978435,0.428705691521,4605,68,1116,211,5648.0,941.333333333333
0.69,0.801166666667,0.751879699248,0.150715900528,0.251098556183,0.783509735657,0.550403113136,0.134604978435,0.428705691521,4607,66,1127,200,5701.0,950.166666666667
0.7,0.798666666667,0.751054852321,0.134137151469,0.227621483376,0.783509735657,0.550403113136,0.134604978435,0.428705691521,4614,59,1149,178,5804.0,967.333333333333
0.71,0.796833333333,0.752336448598,0.121326299925,0.208955223881,0.783509735657,0.550403113136,0.134604978435,0.428705691521,4620,53,1166,161,5883.0,980.5
0.72,0.794333333333,0.748663101604,0.105501130369,0.184940554822,0.783509735657,0.550403113136,0.134604978435,0.428705691521,4626,47,1187,140,5982.0,997.0
0.73,0.792666666667,0.757763975155,0.091936699322,0.163978494624,0.783509735657,0.550403113136,0.134604978435,0.428705691521,4634,39,1205,122,6064.0,1010.666666666667
0.74,0.791166666667,0.760563380282,0.081386586285,0.147038801906,0.783509735657,0.550403113136,0.134604978435,0.428705691521,4639,34,1219,108,6129.0,1021.5
0.75,0.788833333333,0.754237288136,0.067068575735,0.123183391003,0.783509735657,0.550403113136,0.134604978435,0.428705691521,4644,29,1238,89,6219.0,1036.5
0.76,0.786833333333,0.74,0.055764883195,0.103714085494,0.783509735657,0.550403113136,0.134604978435,0.428705691521,4647,26,1253,74,6291.0,1048.5
0.77,0.784833333333,0.725,0.043707611153,0.082444918266,0.783509735657,0.550403113136,0.134604978435,0.428705691521,4651,22,1269,58,6367.0,1061.166666666666
0.78,0.783833333333,0.727272727273,0.036171816127,0.068916008615,0.783509735657,0.550403113136,0.134604978435,0.428705691521,4655,18,1279,48,6413.0,1068.833333333333
0.79,0.782833333333,0.760869565217,0.026375282592,0.050983248361,0.783509735657,0.550403113136,0.134604978435,0.428705691521,4662,11,1292,35,6471.0,1078.5
0.8,0.782166666667,0.8125,0.019593067069,0.038263428992,0.783509735657,0.550403113136,0.134604978435,0.428705691521,4667,6,1301,26,6511.0,1085.166666666666
0.81,0.7815,0.807692307692,0.015825169555,0.031042128603,0.783509735657,0.550403113136,0.134604978435,0.428705691521,4668,5,1306,21,6535.0,1089.166666666666
0.82,0.780666666667,0.823529411765,0.010550113037,0.020833333333,0.783509735657,0.550403113136,0.134604978435,0.428705691521,4670,3,1313,14,6568.0,1094.666666666667
0.83,0.780666666667,0.866666666667,0.009796533534,0.019374068554,0.783509735657,0.550403113136,0.134604978435,0.428705691521,4671,2,1314,13,6572.0,1095.333333333333
0.84,0.780666666667,0.923076923077,0.009042954032,0.017910447761,0.783509735657,0.550403113136,0.134604978435,0.428705691521,4672,1,1315,12,6576.0,1096.0
0.85,0.780333333333,0.909090909091,0.007535795026,0.014947683109,0.783509735657,0.550403113136,0.134604978435,0.428705691521,4672,1,1317,10,6586.0,1097.666666666666
0.86,0.780333333333,1.0,0.006782215524,0.013473053892,0.783509735657,0.550403113136,0.134604978435,0.428705691521,4673,0,1318,9,6590.0,1098.333333333334
0.87,0.780166666667,1.0,0.006028636021,0.011985018727,0.783509735657,0.550403113136,0.134604978435,0.428705691521,4673,0,1319,8,6595.0,1099.166666666666
0.88,0.78,1.0,0.005275056518,0.010494752624,0.783509735657,0.550403113136,0.134604978435,0.428705691521,4673,0,1320,7,6600.0,1100.0
0.89,0.78,1.0,0.005275056518,0.010494752624,0.783509735657,0.550403113136,0.134604978435,0.428705691521,4673,0,1320,7,6600.0,1100.0
0.9,0.779833333333,1.0,0.004521477016,0.009002250563,0.783509735657,0.550403113136,0.134604978435,0.428705691521,4673,0,1321,6,6605.0,1100.833333333333
0.91,0.779333333333,1.0,0.002260738508,0.004511278195,0.783509735657,0.550403113136,0.134604978435,0.428705691521,4673,0,1324,3,6620.0,1103.333333333333
0.92,0.779333333333,1.0,0.002260738508,0.004511278195,0.783509735657,0.550403113136,0.134604978435,0.428705691521,4673,0,1324,3,6620.0,1103.333333333333
0.93,0.779333333333,1.0,0.002260738508,0.004511278195,0.783509735657,0.550403113136,0.134604978435,0.428705691521,4673,0,1324,3,6620.0,1103.333333333333
0.94,0.779333333333,1.0,0.002260738508,0.004511278195,0.783509735657,0.550403113136,0.134604978435,0.428705691521,4673,0,1324,3,6620.0,1103.333333333333
0.95,0.779,1.0,0.000753579503,0.001506024096,0.783509735657,0.550403113136,0.134604978435,0.428705691521,4673,0,1326,1,6630.0,1105.0
