model,candidate,parameters,threshold,accuracy,precision,recall,f1,roc_auc,pr_auc,brier,log_loss,tn,fp,fn,tp,illustrative_cost,cost_per_1000
dummy,prior,"{""strategy"": ""prior""}",0.05,0.221166666667,0.221166666667,1.0,0.36222191893,0.5,0.221166666667,0.172251975309,0.528380620235,0,4673,0,1327,4673.0,778.833333333333
logistic_regression,scaled_logistic,"{""class_weight"": null, ""scaling"": ""standard""}",0.23,0.7195,0.410910910911,0.618688771665,0.493834586466,0.719045387482,0.494596777035,0.14639485444,0.473723091781,3496,1177,506,821,3707.0,617.833333333333
decision_tree,depth_3_leaf_20,"{""max_depth"": 3, ""min_samples_leaf"": 20}",0.12,0.698666666667,0.389526871842,0.639035418237,0.48401826484,0.718602722014,0.462132054982,0.140634058567,0.450033879208,3344,1329,479,848,3724.0,620.666666666667
decision_tree,depth_3_leaf_100,"{""max_depth"": 3, ""min_samples_leaf"": 100}",0.12,0.698666666667,0.389526871842,0.639035418237,0.48401826484,0.719899272239,0.465033325437,0.140223002523,0.449097561104,3344,1329,479,848,3724.0,620.666666666667
decision_tree,depth_5_leaf_20,"{""max_depth"": 5, ""min_samples_leaf"": 20}",0.1,0.586333333333,0.325581395349,0.812358703843,0.464855541182,0.754527403411,0.500964275177,0.13853122942,0.442355260048,2440,2233,249,1078,3478.0,579.666666666667
decision_tree,depth_5_leaf_100,"{""max_depth"": 5, ""min_samples_leaf"": 100}",0.1,0.585166666667,0.325630252101,0.817633760362,0.465765185662,0.757918349911,0.507432500305,0.137750535523,0.439485326761,2426,2247,242,1085,3457.0,576.166666666667
decision_tree,depth_7_leaf_20,"{""max_depth"": 7, ""min_samples_leaf"": 20}",0.14,0.655166666667,0.366450683945,0.767143933685,0.495980511571,0.76612467427,0.515698410573,0.138280536139,0.46194661181,2913,1760,309,1018,3305.0,550.833333333333
decision_tree,depth_7_leaf_100,"{""max_depth"": 7, ""min_samples_leaf"": 100}",0.13,0.6245,0.348196721311,0.800301431801,0.485263879369,0.768078288412,0.519614480474,0.137947151984,0.438410012529,2685,1988,265,1062,3313.0,552.166666666667
random_forest,depth_6_leaf_20,"{""max_depth"": 6, ""min_samples_leaf"": 20, ""n_estimators"": 300}",0.16,0.673666666667,0.378232342725,0.738507912585,0.500255232261,0.777805479086,0.548582065393,0.135700527227,0.432962230607,3062,1611,347,980,3346.0,557.666666666667
random_forest,depth_10_leaf_10,"{""max_depth"": 10, ""min_samples_leaf"": 10, ""n_estimators"": 300}",0.14,0.619,0.34714695569,0.820648078372,0.487903225806,0.783509735657,0.550403113136,0.134604978435,0.428705691521,2625,2048,238,1089,3238.0,539.666666666667
random_forest,depth_None_leaf_5,"{""max_depth"": null, ""min_samples_leaf"": 5, ""n_estimators"": 300}",0.14,0.601166666667,0.336803429271,0.828937452901,0.478989767037,0.781609499391,0.545096686299,0.13514619062,0.429697163583,2507,2166,227,1100,3301.0,550.166666666667
gradient_boosting,leaves_7_rate_0_03,"{""l2_regularization"": 1.0, ""learning_rate"": 0.03, ""max_iter"": 300, ""max_leaf_nodes"": 7, ""min_samples_leaf"": 30}",0.16,0.668333333333,0.376074766355,0.758100979653,0.502748625687,0.779282078854,0.546842356739,0.134874041368,0.430162327241,3004,1669,321,1006,3274.0,545.666666666667
gradient_boosting,leaves_15_rate_0_03,"{""l2_regularization"": 1.0, ""learning_rate"": 0.03, ""max_iter"": 300, ""max_leaf_nodes"": 15, ""min_samples_leaf"": 30}",0.15,0.643333333333,0.360453141092,0.791258477769,0.495283018868,0.780581773697,0.549371792772,0.134919011832,0.42985809293,2810,1863,277,1050,3248.0,541.333333333333
gradient_boosting,leaves_15_rate_0_05,"{""l2_regularization"": 1.0, ""learning_rate"": 0.05, ""max_iter"": 300, ""max_leaf_nodes"": 15, ""min_samples_leaf"": 30}",0.13,0.579166666667,0.32707852194,0.853805576488,0.472970152369,0.779597346974,0.549523980707,0.135016963134,0.430205880688,2342,2331,194,1133,3301.0,550.166666666667
gradient_boosting,leaves_31_rate_0_03,"{""l2_regularization"": 1.0, ""learning_rate"": 0.03, ""max_iter"": 300, ""max_leaf_nodes"": 31, ""min_samples_leaf"": 30}",0.15,0.634166666667,0.354655056932,0.798040693293,0.491073498725,0.781429046692,0.552569295776,0.134803387209,0.429303833074,2746,1927,268,1059,3267.0,544.5
